1,name,abcd@gmail.com,abcd
2,name,abcd@gmail.com,abcd
3,name1,abcd@gmail.com,abc11d
4,name1,abcd@gmail.com,abc11d
5,name1,abcd@gmail.com,abc11d
6,name1,abcd@gmail.com,abc11d
8,name,abcd,abcd@gmail.com
9,name,abcd,abcd@gmail.com
10,name1,abc11d,abcd@gmail.com
11,name1,abc11d,abcd@gmail.com
12,name1,abc11d,abcd@gmail.com
13,name1,abc11d,abcd@gmail.com
14,name,abcd,abcd@gmail.com
15,name,abcd,abcd@gmail.com
16,name1,abc11d,abcd@gmail.com
17,name1,abc11d,abcd@gmail.com
18,name1,abc11d,abcd@gmail.com
19,name1,abc11d,abcd@gmail.com
7,Vinay,vinay@gmail.com,Hesarghatta main road
